{
  "project_info": {
    "project_number": "315363013760",
    "firebase_url": "https://testfirestore-2ad12.firebaseio.com",
    "project_id": "testfirestore-2ad12",
    "storage_bucket": "testfirestore-2ad12.appspot.com"
  },
  "client": [
    {
      "client_info": {
        "mobilesdk_app_id": "1:315363013760:android:2efbdeb12ba7aecf",
        "android_client_info": {
          "package_name": "com.example.mahak.testfirestoreapplication"
        }
      },
      "oauth_client": [
        {
          "client_id": "315363013760-3i7piqpg6m1pj5q3hd11ju4d469lnaja.apps.googleusercontent.com",
          "client_type": 1,
          "android_info": {
            "package_name": "com.example.mahak.testfirestoreapplication",
            "certificate_hash": "1277dc8d63c73baef1c6ad66ef95d5e645e39510"
          }
        },
        {
          "client_id": "315363013760-dcp5fdgjqav09jejsgj7kbdgu94f9f1d.apps.googleusercontent.com",
          "client_type": 3
        }
      ],
      "api_key": [
        {
          "current_key": "AIzaSyA6GdDgcj9EAZLUIxs4LKq3RUsh75IWM4Y"
        }
      ],
      "services": {
        "analytics_service": {
          "status": 1
        },
        "appinvite_service": {
          "status": 2,
          "other_platform_oauth_client": [
            {
              "client_id": "315363013760-dcp5fdgjqav09jejsgj7kbdgu94f9f1d.apps.googleusercontent.com",
              "client_type": 3
            }
          ]
        },
        "ads_service": {
          "status": 2
        }
      }
    }
  ],
  "configuration_version": "1"
}